"","geo","year","value","curr"
"1","al",2022,63.7262,"ALL"
"2","at",2022,1.12028,"EUR"
"3","be",2022,1.11317,"EUR"
"4","bg",2022,1.17107,"BGN"
"5","ch",2022,1.61722,"CHF"
"6","cy",2022,0.914689,"EUR"
"7","cz",2022,19.8704,"CZK"
"8","de",2022,1.11967,"EUR"
"9","dk",2022,9.8463,"DKK"
"10","ee",2022,0.885769,"EUR"
"11","gr",2022,0.821692,"EUR"
"12","es",2022,0.935044,"EUR"
"13","fi",2022,1.24992,"EUR"
"14","fr",2022,1.07768,"EUR"
"15","hr",2022,0.665726,"EUR"
"16","hu",2022,252.369,"HUF"
"17","ie",2022,1.19686,"EUR"
"18","is",2022,219.479,"ISK"
"19","it",2022,0.961488,"EUR"
"20","jp",2022,150.004,"JPY"
"21","lt",2022,0.748911,"EUR"
"22","lu",2022,1.29784,"EUR"
"23","lv",2022,0.798391,"EUR"
"24","mk",2022,29.4528,"MKD"
"25","mt",2022,0.885978,"EUR"
"26","nl",2022,1.17471,"EUR"
"27","no",2022,13.6548,"NOK"
"28","pl",2022,2.90185,"PLN"
"29","pt",2022,0.854938,"EUR"
"30","ro",2022,2.73464,"RON"
"31","rs",2022,67.4394,"RSD"
"32","se",2022,13.4532,"SEK"
"33","si",2022,0.859558,"EUR"
"34","sk",2022,0.828493,"EUR"
"35","tr",2022,7.25261,"TRY"
"36","gb",2022,1.04734,"GBP"
"37","us",2022,1.53736,"USD"
"38","al",2021,64.1178,"ALL"
"39","at",2021,1.14096,"EUR"
"40","be",2021,1.11136,"EUR"
"41","bg",2021,1.0846,"BGN"
"42","ch",2021,1.66915,"CHF"
"43","cy",2021,0.906311,"EUR"
"44","cz",2021,19.2239,"CZK"
"45","de",2021,1.11074,"EUR"
"46","dk",2021,9.94131,"DKK"
"47","ee",2021,0.819799,"EUR"
"48","gr",2021,0.823004,"EUR"
"49","es",2021,0.9443,"EUR"
"50","fi",2021,1.24714,"EUR"
"51","fr",2021,1.08417,"EUR"
"52","hr",2021,0.651963,"EUR"
"53","hu",2021,233.451,"HUF"
"54","ie",2021,1.19892,"EUR"
"55","is",2021,225.805,"ISK"
"56","it",2021,0.976872,"EUR"
"57","jp",2021,153.952,"JPY"
"58","lt",2021,0.690586,"EUR"
"59","lu",2021,1.29567,"EUR"
"60","lv",2021,0.767819,"EUR"
"61","mk",2021,28.6888,"MKD"
"62","mt",2021,0.87335,"EUR"
"63","nl",2021,1.16156,"EUR"
"64","no",2021,14.3499,"NOK"
"65","pl",2021,2.74992,"PLN"
"66","pt",2021,0.856363,"EUR"
"67","ro",2021,2.58255,"RON"
"68","rs",2021,63.936,"RSD"
"69","se",2021,13.1572,"SEK"
"70","si",2021,0.849618,"EUR"
"71","sk",2021,0.804669,"EUR"
"72","tr",2021,4.23594,"TRY"
"73","gb",2021,1.0208,"GBP"
"74","us",2021,1.50859,"USD"
"75","al",2020,63.0122,"ALL"
"76","at",2020,1.13929,"EUR"
"77","be",2020,1.11482,"EUR"
"78","bg",2020,1.0492,"BGN"
"79","ch",2020,1.73368,"CHF"
"80","cy",2020,0.904523,"EUR"
"81","cz",2020,19.0226,"CZK"
"82","de",2020,1.10676,"EUR"
"83","dk",2020,10.0007,"DKK"
"84","ee",2020,0.799544,"EUR"
"85","gr",2020,0.830557,"EUR"
"86","es",2020,0.948512,"EUR"
"87","fi",2020,1.2564,"EUR"
"88","fr",2020,1.08441,"EUR"
"89","hr",2020,0.640867,"EUR"
"90","hu",2020,221.888,"HUF"
"91","ie",2020,1.21527,"EUR"
"92","is",2020,223.899,"ISK"
"93","it",2020,0.98877,"EUR"
"94","jp",2020,156.363,"JPY"
"95","lt",2020,0.67743,"EUR"
"96","lu",2020,1.30712,"EUR"
"97","lv",2020,0.736984,"EUR"
"98","mk",2020,28.4547,"MKD"
"99","mt",2020,0.868596,"EUR"
"100","nl",2020,1.16538,"EUR"
"101","no",2020,15.0823,"NOK"
"102","pl",2020,2.66626,"PLN"
"103","pt",2020,0.850431,"EUR"
"104","ro",2020,2.53572,"RON"
"105","rs",2020,62.2759,"RSD"
"106","se",2020,13.233,"SEK"
"107","si",2020,0.835336,"EUR"
"108","sk",2020,0.793726,"EUR"
"109","tr",2020,3.30379,"TRY"
"110","gb",2020,1.04656,"GBP"
"111","us",2020,1.52657,"USD"
"112","al",2019,62.3598,"ALL"
"113","at",2019,1.13543,"EUR"
"114","be",2019,1.13159,"EUR"
"115","bg",2019,1.03928,"BGN"
"116","ch",2019,1.74361,"CHF"
"117","cy",2019,0.904397,"EUR"
"118","cz",2019,18.6038,"CZK"
"119","de",2019,1.10377,"EUR"
"120","dk",2019,10.055,"DKK"
"121","ee",2019,0.813038,"EUR"
"122","gr",2019,0.831925,"EUR"
"123","es",2019,0.929052,"EUR"
"124","fi",2019,1.27075,"EUR"
"125","fr",2019,1.08564,"EUR"
"126","hr",2019,0.64661,"EUR"
"127","hu",2019,213.447,"HUF"
"128","ie",2019,1.22126,"EUR"
"129","is",2019,213.248,"ISK"
"130","it",2019,0.995437,"EUR"
"131","jp",2019,157.97,"JPY"
"132","lt",2019,0.664059,"EUR"
"133","lu",2019,1.27552,"EUR"
"134","lv",2019,0.737855,"EUR"
"135","mk",2019,28.0747,"MKD"
"136","mt",2019,0.866627,"EUR"
"137","nl",2019,1.18002,"EUR"
"138","no",2019,14.5804,"NOK"
"139","pl",2019,2.6121,"PLN"
"140","pt",2019,0.846865,"EUR"
"141","ro",2019,2.5171,"RON"
"142","rs",2019,60.9744,"RSD"
"143","se",2019,13.2008,"SEK"
"144","si",2019,0.836876,"EUR"
"145","sk",2019,0.784397,"EUR"
"146","tr",2019,2.82519,"TRY"
"147","gb",2019,1.02983,"GBP"
"148","us",2019,1.51565,"USD"
"149","al",2018,62.3868,"ALL"
"150","at",2018,1.12879,"EUR"
"151","be",2018,1.13027,"EUR"
"152","bg",2018,1.00299,"BGN"
"153","ch",2018,1.73855,"CHF"
"154","cy",2018,0.903208,"EUR"
"155","cz",2018,18.2451,"CZK"
"156","de",2018,1.08461,"EUR"
"157","dk",2018,9.97826,"DKK"
"158","ee",2018,0.79454,"EUR"
"159","gr",2018,0.833032,"EUR"
"160","es",2018,0.931754,"EUR"
"161","fi",2018,1.25908,"EUR"
"162","fr",2018,1.11517,"EUR"
"163","hr",2018,0.648088,"EUR"
"164","hu",2018,205.129,"HUF"
"165","ie",2018,1.16833,"EUR"
"166","is",2018,207.898,"ISK"
"167","it",2018,1.00464,"EUR"
"168","jp",2018,153.61,"JPY"
"169","lt",2018,0.65866,"EUR"
"170","lu",2018,1.25188,"EUR"
"171","lv",2018,0.722533,"EUR"
"172","mk",2018,27.9484,"MKD"
"173","mt",2018,0.865274,"EUR"
"174","nl",2018,1.14552,"EUR"
"175","no",2018,14.1342,"NOK"
"176","pl",2018,2.57852,"PLN"
"177","pt",2018,0.842426,"EUR"
"178","ro",2018,2.45635,"RON"
"179","rs",2018,60.4716,"RSD"
"180","se",2018,13.0751,"SEK"
"181","si",2018,0.837094,"EUR"
"182","sk",2018,0.775728,"EUR"
"183","tr",2018,2.40772,"TRY"
"184","gb",2018,1.01422,"GBP"
"185","us",2018,1.47477,"USD"
"186","al",2017,61.524,"ALL"
"187","at",2017,1.12841,"EUR"
"188","be",2017,1.12932,"EUR"
"189","bg",2017,0.984663,"BGN"
"190","ch",2017,1.72933,"CHF"
"191","cy",2017,0.895707,"EUR"
"192","cz",2017,18.0908,"CZK"
"193","de",2017,1.0844,"EUR"
"194","dk",2017,10.0052,"DKK"
"195","ee",2017,0.778826,"EUR"
"196","gr",2017,0.83726,"EUR"
"197","es",2017,0.918502,"EUR"
"198","fi",2017,1.25748,"EUR"
"199","fr",2017,1.12128,"EUR"
"200","hr",2017,0.642472,"EUR"
"201","hu",2017,198.069,"HUF"
"202","ie",2017,1.15665,"EUR"
"203","is",2017,201.332,"ISK"
"204","it",2017,1.00449,"EUR"
"205","jp",2017,153.028,"JPY"
"206","lt",2017,0.644599,"EUR"
"207","lu",2017,1.23514,"EUR"
"208","lv",2017,0.705485,"EUR"
"209","mk",2017,27.6205,"MKD"
"210","mt",2017,0.853833,"EUR"
"211","nl",2017,1.13881,"EUR"
"212","no",2017,14.1958,"NOK"
"213","pl",2017,2.53763,"PLN"
"214","pt",2017,0.838202,"EUR"
"215","ro",2017,2.34936,"RON"
"216","rs",2017,59.4352,"RSD"
"217","se",2017,12.8889,"SEK"
"218","si",2017,0.830138,"EUR"
"219","sk",2017,0.751927,"EUR"
"220","tr",2017,2.01508,"TRY"
"221","gb",2017,0.996779,"GBP"
"222","us",2017,1.456,"USD"
"223","al",2016,61.0238,"ALL"
"224","at",2016,1.11857,"EUR"
"225","be",2016,1.12444,"EUR"
"226","bg",2016,0.959813,"BGN"
"227","ch",2016,1.7305,"CHF"
"228","cy",2016,0.89598,"EUR"
"229","cz",2016,18.1065,"CZK"
"230","de",2016,1.08355,"EUR"
"231","dk",2016,10.193,"DKK"
"232","ee",2016,0.759956,"EUR"
"233","gr",2016,0.847392,"EUR"
"234","es",2016,0.92523,"EUR"
"235","fi",2016,1.26824,"EUR"
"236","fr",2016,1.12305,"EUR"
"237","hr",2016,0.646249,"EUR"
"238","hu",2016,190.092,"HUF"
"239","ie",2016,1.14356,"EUR"
"240","is",2016,201.604,"ISK"
"241","it",2016,1.00859,"EUR"
"242","jp",2016,151.919,"JPY"
"243","lt",2016,0.631233,"EUR"
"244","lu",2016,1.22649,"EUR"
"245","lv",2016,0.697596,"EUR"
"246","mk",2016,27.2952,"MKD"
"247","mt",2016,0.839384,"EUR"
"248","nl",2016,1.14522,"EUR"
"249","no",2016,14.4576,"NOK"
"250","pl",2016,2.49482,"PLN"
"251","pt",2016,0.822681,"EUR"
"252","ro",2016,2.29913,"RON"
"253","rs",2016,58.2442,"RSD"
"254","se",2016,12.7021,"SEK"
"255","si",2016,0.830873,"EUR"
"256","sk",2016,0.72446,"EUR"
"257","tr",2016,1.78677,"TRY"
"258","gb",2016,0.991397,"GBP"
"259","us",2016,1.43972,"USD"
"260","al",2015,59.4071,"ALL"
"261","at",2015,1.11121,"EUR"
"262","be",2015,1.11286,"EUR"
"263","bg",2015,0.944125,"BGN"
"264","ch",2015,1.71908,"CHF"
"265","cy",2015,0.922479,"EUR"
"266","cz",2015,17.9977,"CZK"
"267","de",2015,1.08243,"EUR"
"268","dk",2015,10.1623,"DKK"
"269","ee",2015,0.747815,"EUR"
"270","gr",2015,0.847264,"EUR"
"271","es",2015,0.924704,"EUR"
"272","fi",2015,1.26275,"EUR"
"273","fr",2015,1.12496,"EUR"
"274","hr",2015,0.648483,"EUR"
"275","hu",2015,184.392,"HUF"
"276","ie",2015,1.12634,"EUR"
"277","is",2015,197.498,"ISK"
"278","it",2015,1.02758,"EUR"
"279","jp",2015,143.934,"JPY"
"280","lt",2015,0.620223,"EUR"
"281","lu",2015,1.2259,"EUR"
"282","lv",2015,0.692158,"EUR"
"283","mk",2015,27.0434,"MKD"
"284","mt",2015,0.83423,"EUR"
"285","nl",2015,1.12674,"EUR"
"286","no",2015,13.8169,"NOK"
"287","pl",2015,2.45541,"PLN"
"288","pt",2015,0.813706,"EUR"
"289","ro",2015,2.31318,"RON"
"290","rs",2015,56.6689,"RSD"
"291","se",2015,12.3171,"SEK"
"292","si",2015,0.828105,"EUR"
"293","sk",2015,0.683782,"EUR"
"294","tr",2015,1.61706,"TRY"
"295","gb",2015,0.963392,"GBP"
"296","us",2015,1.39108,"USD"
"297","al",2014,59.857,"ALL"
"298","at",2014,1.11469,"EUR"
"299","be",2014,1.11667,"EUR"
"300","bg",2014,0.922723,"BGN"
"301","ch",2014,1.78865,"CHF"
"302","cy",2014,0.948513,"EUR"
"303","cz",2014,17.7269,"CZK"
"304","de",2014,1.07302,"EUR"
"305","dk",2014,10.2269,"DKK"
"306","ee",2014,0.735258,"EUR"
"307","gr",2014,0.852817,"EUR"
"308","es",2014,0.924299,"EUR"
"309","fi",2014,1.26598,"EUR"
"310","fr",2014,1.12693,"EUR"
"311","hr",2014,0.656289,"EUR"
"312","hu",2014,180.594,"HUF"
"313","ie",2014,1.14294,"EUR"
"314","is",2014,193.339,"ISK"
"315","it",2014,1.03215,"EUR"
"316","jp",2014,143.806,"JPY"
"317","lt",2014,0.617663,"EUR"
"318","lu",2014,1.23378,"EUR"
"319","lv",2014,0.694328,"EUR"
"320","mk",2014,26.5081,"MKD"
"321","mt",2014,0.818245,"EUR"
"322","nl",2014,1.12865,"EUR"
"323","no",2014,12.9478,"NOK"
"324","pl",2014,2.46599,"PLN"
"325","pt",2014,0.807791,"EUR"
"326","ro",2014,2.27233,"RON"
"327","rs",2014,55.5423,"RSD"
"328","se",2014,12.1784,"SEK"
"329","si",2014,0.825052,"EUR"
"330","sk",2014,0.677375,"EUR"
"331","tr",2014,1.5413,"TRY"
"332","gb",2014,0.974654,"GBP"
"333","us",2014,1.39547,"USD"
"334","al",2013,61.1306,"ALL"
"335","at",2013,1.10456,"EUR"
"336","be",2013,1.11715,"EUR"
"337","bg",2013,0.942321,"BGN"
"338","ch",2013,1.81877,"CHF"
"339","cy",2013,0.952449,"EUR"
"340","cz",2013,17.7172,"CZK"
"341","de",2013,1.07366,"EUR"
"342","dk",2013,10.192,"DKK"
"343","ee",2013,0.723951,"EUR"
"344","gr",2013,0.874806,"EUR"
"345","es",2013,0.935106,"EUR"
"346","fi",2013,1.2546,"EUR"
"347","fr",2013,1.12474,"EUR"
"348","hr",2013,0.657538,"EUR"
"349","hu",2013,173.191,"HUF"
"350","ie",2013,1.12416,"EUR"
"351","is",2013,189.879,"ISK"
"352","it",2013,1.02171,"EUR"
"353","jp",2013,140.38,"JPY"
"354","lt",2013,0.614369,"EUR"
"355","lu",2013,1.2406,"EUR"
"356","lv",2013,0.691866,"EUR"
"357","mk",2013,26.4753,"MKD"
"358","mt",2013,0.80024,"EUR"
"359","nl",2013,1.10606,"EUR"
"360","no",2013,12.5124,"NOK"
"361","pl",2013,2.44176,"PLN"
"362","pt",2013,0.808736,"EUR"
"363","ro",2013,2.22583,"RON"
"364","rs",2013,54.4916,"RSD"
"365","se",2013,11.9143,"SEK"
"366","si",2013,0.818158,"EUR"
"367","sk",2013,0.680576,"EUR"
"368","tr",2013,1.48316,"TRY"
"369","gb",2013,0.963442,"GBP"
"370","us",2013,1.38575,"USD"
"371","al",2012,59.1241,"ALL"
"372","at",2012,1.10196,"EUR"
"373","be",2012,1.11346,"EUR"
"374","bg",2012,0.938311,"BGN"
"375","ch",2012,1.83388,"CHF"
"376","cy",2012,0.957319,"EUR"
"377","cz",2012,18.0096,"CZK"
"378","de",2012,1.0662,"EUR"
"379","dk",2012,10.2444,"DKK"
"380","ee",2012,0.705698,"EUR"
"381","gr",2012,0.927268,"EUR"
"382","es",2012,0.941236,"EUR"
"383","fi",2012,1.23041,"EUR"
"384","fr",2012,1.14347,"EUR"
"385","hr",2012,0.658637,"EUR"
"386","hu",2012,170.137,"HUF"
"387","ie",2012,1.11472,"EUR"
"388","is",2012,185.501,"ISK"
"389","it",2012,1.01268,"EUR"
"390","jp",2012,141.223,"JPY"
"391","lt",2012,0.613052,"EUR"
"392","lu",2012,1.2281,"EUR"
"393","lv",2012,0.685571,"EUR"
"394","mk",2012,25.7373,"MKD"
"395","mt",2012,0.785152,"EUR"
"396","nl",2012,1.11653,"EUR"
"397","no",2012,12.2393,"NOK"
"398","pl",2012,2.43263,"PLN"
"399","pt",2012,0.819916,"EUR"
"400","ro",2012,2.11764,"RON"
"401","rs",2012,51.4413,"RSD"
"402","se",2012,11.7215,"SEK"
"403","si",2012,0.821806,"EUR"
"404","sk",2012,0.683323,"EUR"
"405","tr",2012,1.38124,"TRY"
"406","gb",2012,0.950253,"GBP"
"407","us",2012,1.35434,"USD"
"408","al",2011,58.8632,"ALL"
"409","at",2011,1.11582,"EUR"
"410","be",2011,1.11654,"EUR"
"411","bg",2011,0.940938,"BGN"
"412","ch",2011,1.87563,"CHF"
"413","cy",2011,0.937647,"EUR"
"414","cz",2011,17.9112,"CZK"
"415","de",2011,1.0586,"EUR"
"416","dk",2011,10.0211,"DKK"
"417","ee",2011,0.686637,"EUR"
"418","gr",2011,0.957163,"EUR"
"419","es",2011,0.958459,"EUR"
"420","fi",2011,1.20533,"EUR"
"421","fr",2011,1.12922,"EUR"
"422","hr",2011,0.668465,"EUR"
"423","hu",2011,166.79,"HUF"
"424","ie",2011,1.116,"EUR"
"425","is",2011,181.393,"ISK"
"426","it",2011,1.01826,"EUR"
"427","jp",2011,144.218,"JPY"
"428","lt",2011,0.606539,"EUR"
"429","lu",2011,1.21477,"EUR"
"430","lv",2011,0.669062,"EUR"
"431","mk",2011,25.8892,"MKD"
"432","mt",2011,0.770587,"EUR"
"433","nl",2011,1.12211,"EUR"
"434","no",2011,12.1903,"NOK"
"435","pl",2011,2.41776,"PLN"
"436","pt",2011,0.836262,"EUR"
"437","ro",2011,2.08036,"RON"
"438","rs",2011,48.7515,"RSD"
"439","se",2011,11.8699,"SEK"
"440","si",2011,0.837454,"EUR"
"441","sk",2011,0.679667,"EUR"
"442","tr",2011,1.29674,"TRY"
"443","gb",2011,0.947619,"GBP"
"444","us",2011,1.34214,"USD"
"445","al",2010,58.4027,"ALL"
"446","at",2010,1.11291,"EUR"
"447","be",2010,1.10548,"EUR"
"448","bg",2010,0.894535,"BGN"
"449","ch",2010,1.93732,"CHF"
"450","cy",2010,0.925194,"EUR"
"451","cz",2010,18.0668,"CZK"
"452","de",2010,1.06382,"EUR"
"453","dk",2010,10.0309,"DKK"
"454","ee",2010,0.676707,"EUR"
"455","gr",2010,0.954052,"EUR"
"456","es",2010,0.96059,"EUR"
"457","fi",2010,1.18993,"EUR"
"458","fr",2010,1.12935,"EUR"
"459","hr",2010,0.679359,"EUR"
"460","hu",2010,167.045,"HUF"
"461","ie",2010,1.12257,"EUR"
"462","is",2010,175.595,"ISK"
"463","it",2010,1.02165,"EUR"
"464","jp",2010,147.616,"JPY"
"465","lt",2010,0.595145,"EUR"
"466","lu",2010,1.22318,"EUR"
"467","lv",2010,0.643549,"EUR"
"468","mk",2010,24.751,"MKD"
"469","mt",2010,0.756496,"EUR"
"470","nl",2010,1.12857,"EUR"
"471","no",2010,12.0928,"NOK"
"472","pl",2010,2.38496,"PLN"
"473","pt",2010,0.823421,"EUR"
"474","ro",2010,2.03191,"RON"
"475","rs",2010,46.0304,"RSD"
"476","se",2010,11.9255,"SEK"
"477","si",2010,0.842949,"EUR"
"478","sk",2010,0.663478,"EUR"
"479","tr",2010,1.21614,"TRY"
"480","gb",2010,0.927975,"GBP"
"481","us",2010,1.32143,"USD"
"482","al",2009,58.7243,"ALL"
"483","at",2009,1.11749,"EUR"
"484","be",2009,1.12594,"EUR"
"485","bg",2009,0.918117,"BGN"
"486","ch",2009,1.94705,"CHF"
"487","cy",2009,0.903394,"EUR"
"488","cz",2009,18.0636,"CZK"
"489","de",2009,1.07428,"EUR"
"490","dk",2009,10.2396,"DKK"
"491","ee",2009,0.684907,"EUR"
"492","gr",2009,0.932995,"EUR"
"493","es",2009,0.951867,"EUR"
"494","fi",2009,1.18739,"EUR"
"495","fr",2009,1.14297,"EUR"
"496","hr",2009,0.675474,"EUR"
"497","hu",2009,169.121,"HUF"
"498","ie",2009,1.19372,"EUR"
"499","is",2009,161.553,"ISK"
"500","it",2009,1.02159,"EUR"
"501","jp",2009,152.612,"JPY"
"502","lt",2009,0.621695,"EUR"
"503","lu",2009,1.196,"EUR"
"504","lv",2009,0.690219,"EUR"
"505","mk",2009,24.3226,"MKD"
"506","mt",2009,0.754224,"EUR"
"507","nl",2009,1.1236,"EUR"
"508","no",2009,12.0313,"NOK"
"509","pl",2009,2.47563,"PLN"
"510","pt",2009,0.830876,"EUR"
"511","ro",2009,2.07573,"RON"
"512","rs",2009,44.0552,"RSD"
"513","se",2009,11.8152,"SEK"
"514","si",2009,0.854908,"EUR"
"515","sk",2009,0.682845,"EUR"
"516","tr",2009,1.19815,"TRY"
"517","gb",2009,0.940468,"GBP"
"518","us",2009,1.32454,"USD"
"519","al",2008,57.4326,"ALL"
"520","at",2008,1.10122,"EUR"
"521","be",2008,1.11735,"EUR"
"522","bg",2008,0.873426,"BGN"
"523","ch",2008,1.92431,"CHF"
"524","cy",2008,0.894224,"EUR"
"525","cz",2008,17.9365,"CZK"
"526","de",2008,1.05737,"EUR"
"527","dk",2008,10.2388,"DKK"
"528","ee",2008,0.702494,"EUR"
"529","gr",2008,0.912442,"EUR"
"530","es",2008,0.935527,"EUR"
"531","fi",2008,1.17559,"EUR"
"532","fr",2008,1.1366,"EUR"
"533","hr",2008,0.662412,"EUR"
"534","hu",2008,168.846,"HUF"
"535","ie",2008,1.21725,"EUR"
"536","is",2008,147.608,"ISK"
"537","it",2008,1.01006,"EUR"
"538","jp",2008,150.597,"JPY"
"539","lt",2008,0.63518,"EUR"
"540","lu",2008,1.16002,"EUR"
"541","lv",2008,0.741785,"EUR"
"542","mk",2008,24.8282,"MKD"
"543","mt",2008,0.736645,"EUR"
"544","nl",2008,1.09265,"EUR"
"545","no",2008,11.4183,"NOK"
"546","pl",2008,2.37437,"PLN"
"547","pt",2008,0.819899,"EUR"
"548","ro",2008,2.01864,"RON"
"549","rs",2008,40.3727,"RSD"
"550","se",2008,11.3148,"SEK"
"551","si",2008,0.816859,"EUR"
"552","sk",2008,0.692667,"EUR"
"553","tr",2008,1.13413,"TRY"
"554","gb",2008,0.904374,"GBP"
"555","us",2008,1.28885,"USD"
"556","al",2007,56.5345,"ALL"
"557","at",2007,1.09964,"EUR"
"558","be",2007,1.11331,"EUR"
"559","bg",2007,0.831437,"BGN"
"560","ch",2007,1.9406,"CHF"
"561","cy",2007,0.879316,"EUR"
"562","cz",2007,18.0602,"CZK"
"563","de",2007,1.06053,"EUR"
"564","dk",2007,10.3386,"DKK"
"565","ee",2007,0.698127,"EUR"
"566","gr",2007,0.909821,"EUR"
"567","es",2007,0.927671,"EUR"
"568","fi",2007,1.18404,"EUR"
"569","fr",2007,1.12572,"EUR"
"570","hr",2007,0.649822,"EUR"
"571","hu",2007,169.809,"HUF"
"572","ie",2007,1.21314,"EUR"
"573","is",2007,135.983,"ISK"
"574","it",2007,1.02516,"EUR"
"575","jp",2007,152.414,"JPY"
"576","lt",2007,0.595551,"EUR"
"577","lu",2007,1.16707,"EUR"
"578","lv",2007,0.716653,"EUR"
"579","mk",2007,24.7159,"MKD"
"580","mt",2007,0.719568,"EUR"
"581","nl",2007,1.08953,"EUR"
"582","no",2007,11.3018,"NOK"
"583","pl",2007,2.3482,"PLN"
"584","pt",2007,0.819258,"EUR"
"585","ro",2007,1.88459,"RON"
"586","rs",2007,38.5364,"RSD"
"587","se",2007,11.2384,"SEK"
"588","si",2007,0.798421,"EUR"
"589","sk",2007,0.701395,"EUR"
"590","tr",2007,1.07827,"TRY"
"591","gb",2007,0.898322,"GBP"
"592","us",2007,1.26674,"USD"
"593","al",2006,55.8777,"ALL"
"594","at",2006,1.08205,"EUR"
"595","be",2006,1.09997,"EUR"
"596","bg",2006,0.777827,"BGN"
"597","ch",2006,2.01161,"CHF"
"598","cy",2006,0.893084,"EUR"
"599","cz",2006,18.1358,"CZK"
"600","de",2006,1.06638,"EUR"
"601","dk",2006,10.4265,"DKK"
"602","ee",2006,0.655239,"EUR"
"603","gr",2006,0.87122,"EUR"
"604","es",2006,0.926003,"EUR"
"605","fi",2006,1.19886,"EUR"
"606","fr",2006,1.12566,"EUR"
"607","hr",2006,0.653599,"EUR"
"608","hu",2006,165.436,"HUF"
"609","ie",2006,1.23077,"EUR"
"610","is",2006,127.87,"ISK"
"611","it",2006,1.03527,"EUR"
"612","jp",2006,156.554,"JPY"
"613","lt",2006,0.561455,"EUR"
"614","lu",2006,1.15334,"EUR"
"615","lv",2006,0.615101,"EUR"
"616","mk",2006,23.761,"MKD"
"617","mt",2006,0.719183,"EUR"
"618","nl",2006,1.09701,"EUR"
"619","no",2006,11.0468,"NOK"
"620","pl",2006,2.32817,"PLN"
"621","pt",2006,0.805419,"EUR"
"622","ro",2006,1.76072,"RON"
"623","rs",2006,36.2658,"RSD"
"624","se",2006,11.4637,"SEK"
"625","si",2006,0.76708,"EUR"
"626","sk",2006,0.697771,"EUR"
"627","tr",2006,1.05913,"TRY"
"628","gb",2006,0.876293,"GBP"
"629","us",2006,1.25798,"USD"
"630","al",2005,55.5986,"ALL"
"631","at",2005,1.07704,"EUR"
"632","be",2005,1.08906,"EUR"
"633","bg",2005,0.728453,"BGN"
"634","ch",2005,2.05963,"CHF"
"635","cy",2005,0.882802,"EUR"
"636","cz",2005,17.7839,"CZK"
"637","de",2005,1.06578,"EUR"
"638","dk",2005,10.4651,"DKK"
"639","ee",2005,0.61467,"EUR"
"640","gr",2005,0.865811,"EUR"
"641","es",2005,0.939734,"EUR"
"642","fi",2005,1.19609,"EUR"
"643","fr",2005,1.11919,"EUR"
"644","hr",2005,0.663485,"EUR"
"645","hu",2005,159.893,"HUF"
"646","ie",2005,1.23551,"EUR"
"647","is",2005,117.042,"ISK"
"648","it",2005,1.04431,"EUR"
"649","jp",2005,158.211,"JPY"
"650","lt",2005,0.531425,"EUR"
"651","lu",2005,1.15571,"EUR"
"652","lv",2005,0.535615,"EUR"
"653","mk",2005,23.5615,"MKD"
"654","mt",2005,0.699425,"EUR"
"655","nl",2005,1.0956,"EUR"
"656","no",2005,10.9973,"NOK"
"657","pl",2005,2.28073,"PLN"
"658","pt",2005,0.811202,"EUR"
"659","ro",2005,1.71126,"RON"
"660","rs",2005,33.0128,"RSD"
"661","se",2005,11.5761,"SEK"
"662","si",2005,0.745105,"EUR"
"663","sk",2005,0.689637,"EUR"
"664","tr",2005,1.01921,"TRY"
"665","gb",2005,0.864154,"GBP"
"666","us",2005,1.22121,"USD"
"667","al",2004,54.9581,"ALL"
"668","at",2004,1.07481,"EUR"
"669","be",2004,1.08735,"EUR"
"670","bg",2004,0.71025,"BGN"
"671","ch",2004,2.07085,"CHF"
"672","cy",2004,0.898009,"EUR"
"673","cz",2004,17.6583,"CZK"
"674","de",2004,1.07112,"EUR"
"675","dk",2004,10.3552,"DKK"
"676","ee",2004,0.604251,"EUR"
"677","gr",2004,0.850118,"EUR"
"678","es",2004,0.937493,"EUR"
"679","fi",2004,1.19126,"EUR"
"680","fr",2004,1.14464,"EUR"
"681","hr",2004,0.651149,"EUR"
"682","hu",2004,157.146,"HUF"
"683","ie",2004,1.21322,"EUR"
"684","is",2004,114.188,"ISK"
"685","it",2004,1.04272,"EUR"
"686","jp",2004,164.515,"JPY"
"687","lt",2004,0.506803,"EUR"
"688","lu",2004,1.16433,"EUR"
"689","lv",2004,0.488804,"EUR"
"690","mk",2004,23.5773,"MKD"
"691","mt",2004,0.693125,"EUR"
"692","nl",2004,1.11118,"EUR"
"693","no",2004,11.1702,"NOK"
"694","pl",2004,2.24006,"PLN"
"695","pt",2004,0.827637,"EUR"
"696","ro",2004,1.55301,"RON"
"697","rs",2004,29.4921,"RSD"
"698","se",2004,11.3767,"SEK"
"699","si",2004,0.744012,"EUR"
"700","sk",2004,0.690961,"EUR"
"701","tr",2004,0.969658,"TRY"
"702","gb",2004,0.841949,"GBP"
"703","us",2004,1.22406,"USD"
"704","al",2003,54.319,"ALL"
"705","at",2003,1.08188,"EUR"
"706","be",2003,1.0672,"EUR"
"707","bg",2003,0.681929,"BGN"
"708","ch",2003,2.08935,"CHF"
"709","cy",2003,0.897169,"EUR"
"710","cz",2003,17.2679,"CZK"
"711","de",2003,1.09135,"EUR"
"712","dk",2003,10.534,"DKK"
"713","ee",2003,0.591722,"EUR"
"714","gr",2003,0.834502,"EUR"
"715","es",2003,0.924863,"EUR"
"716","fi",2003,1.22054,"EUR"
"717","fr",2003,1.13271,"EUR"
"718","hr",2003,0.644098,"EUR"
"719","hu",2003,148.624,"HUF"
"720","ie",2003,1.2229,"EUR"
"721","is",2003,112.807,"ISK"
"722","it",2003,1.01525,"EUR"
"723","jp",2003,170.029,"JPY"
"724","lt",2003,0.492105,"EUR"
"725","lu",2003,1.17512,"EUR"
"726","lv",2003,0.460721,"EUR"
"727","mk",2003,24.4845,"MKD"
"728","mt",2003,0.699068,"EUR"
"729","nl",2003,1.12736,"EUR"
"730","no",2003,11.2035,"NOK"
"731","pl",2003,2.19803,"PLN"
"732","pt",2003,0.815883,"EUR"
"733","ro",2003,1.43332,"RON"
"734","rs",2003,27.5728,"RSD"
"735","se",2003,11.5549,"SEK"
"736","si",2003,0.740475,"EUR"
"737","sk",2003,0.663072,"EUR"
"738","tr",2003,0.897191,"TRY"
"739","gb",2003,0.847653,"GBP"
"740","us",2003,1.21816,"USD"
"741","al",2002,52.3741,"ALL"
"742","at",2002,1.09784,"EUR"
"743","be",2002,1.06551,"EUR"
"744","bg",2002,0.681166,"BGN"
"745","ch",2002,2.08607,"CHF"
"746","cy",2002,0.866887,"EUR"
"747","cz",2002,17.6405,"CZK"
"748","de",2002,1.11426,"EUR"
"749","dk",2002,10.446,"DKK"
"750","ee",2002,0.593265,"EUR"
"751","gr",2002,0.808884,"EUR"
"752","es",2002,0.905692,"EUR"
"753","fi",2002,1.21782,"EUR"
"754","fr",2002,1.09891,"EUR"
"755","hr",2002,0.628201,"EUR"
"756","hu",2002,144.144,"HUF"
"757","ie",2002,1.19813,"EUR"
"758","is",2002,111.157,"ISK"
"759","it",2002,1.00474,"EUR"
"760","jp",2002,175.418,"JPY"
"761","lt",2002,0.513331,"EUR"
"762","lu",2002,1.16763,"EUR"
"763","lv",2002,0.440398,"EUR"
"764","mk",2002,24.4203,"MKD"
"765","mt",2002,0.709896,"EUR"
"766","nl",2002,1.09914,"EUR"
"767","no",2002,11.0501,"NOK"
"768","pl",2002,2.19592,"PLN"
"769","pt",2002,0.820003,"EUR"
"770","ro",2002,1.19368,"RON"
"771","rs",2002,24.8383,"RSD"
"772","se",2002,11.4856,"SEK"
"773","si",2002,0.711665,"EUR"
"774","sk",2002,0.636302,"EUR"
"775","tr",2002,0.721383,"TRY"
"776","gb",2002,0.841716,"GBP"
"777","us",2002,1.2201,"USD"
"778","al",2001,51.7321,"ALL"
"779","at",2001,1.1152,"EUR"
"780","be",2001,1.07831,"EUR"
"781","bg",2001,0.67161,"BGN"
"782","ch",2001,2.13716,"CHF"
"783","cy",2001,0.859913,"EUR"
"784","cz",2001,17.3064,"CZK"
"785","de",2001,1.12342,"EUR"
"786","dk",2001,10.503,"DKK"
"787","ee",2001,0.589529,"EUR"
"788","gr",2001,0.807741,"EUR"
"789","es",2001,0.903283,"EUR"
"790","fi",2001,1.21157,"EUR"
"791","fr",2001,1.10165,"EUR"
"792","hr",2001,0.6211,"EUR"
"793","hu",2001,138.246,"HUF"
"794","ie",2001,1.17133,"EUR"
"795","is",2001,106.693,"ISK"
"796","it",2001,0.986367,"EUR"
"797","jp",2001,180.799,"JPY"
"798","lt",2001,0.522923,"EUR"
"799","lu",2001,1.16411,"EUR"
"800","lv",2001,0.426948,"EUR"
"801","mk",2001,24.7664,"MKD"
"802","mt",2001,0.711648,"EUR"
"803","nl",2001,1.09336,"EUR"
"804","no",2001,11.086,"NOK"
"805","pl",2001,2.21986,"PLN"
"806","pt",2001,0.810645,"EUR"
"807","ro",2001,0.982948,"RON"
"808","rs",2001,21.5399,"RSD"
"809","se",2001,11.3605,"SEK"
"810","si",2001,0.67681,"EUR"
"811","sk",2001,0.623125,"EUR"
"812","tr",2001,0.501414,"TRY"
"813","gb",2001,0.839189,"GBP"
"814","us",2001,1.20821,"USD"
"815","al",2000,50.5932,"ALL"
"816","at",2000,1.09267,"EUR"
"817","be",2000,1.08363,"EUR"
"818","bg",2000,0.645318,"BGN"
"819","ch",2000,2.1536,"CHF"
"820","cy",2000,0.863302,"EUR"
"821","cz",2000,17.2545,"CZK"
"822","de",2000,1.13551,"EUR"
"823","dk",2000,10.4392,"DKK"
"824","ee",2000,0.564523,"EUR"
"825","gr",2000,0.806326,"EUR"
"826","es",2000,0.890715,"EUR"
"827","fi",2000,1.18476,"EUR"
"828","fr",2000,1.12005,"EUR"
"829","hr",2000,0.605095,"EUR"
"830","hu",2000,132.531,"HUF"
"831","ie",2000,1.1364,"EUR"
"832","is",2000,102.009,"ISK"
"833","it",2000,0.969557,"EUR"
"834","jp",2000,186.255,"JPY"
"835","lt",2000,0.543821,"EUR"
"836","lu",2000,1.15073,"EUR"
"837","lv",2000,0.434426,"EUR"
"838","mk",2000,24.013,"MKD"
"839","mt",2000,0.698317,"EUR"
"840","nl",2000,1.07212,"EUR"
"841","no",2000,10.9391,"NOK"
"842","pl",2000,2.20691,"PLN"
"843","pt",2000,0.795904,"EUR"
"844","ro",2000,0.741809,"RON"
"845","rs",2000,11.5572,"RSD"
"846","se",2000,11.0327,"SEK"
"847","si",2000,0.633937,"EUR"
"848","sk",2000,0.621744,"EUR"
"849","tr",2000,0.339049,"TRY"
"850","gb",2000,0.848268,"GBP"
"851","us",2000,1.20404,"USD"
